Page,Data Structure,Type,Problem,Language,Problems,Comments
https://cusack.hope.edu/DAIADS/?path=Data%20Structures/Linear%20Structures/Deques,Deques,In-Class,10,Java,NA,"Compiles. Tests are very good, and informative in feedback."
https://cusack.hope.edu/DAIADS/?path=Data%20Structures/Linear%20Structures/Deques,Deques,In-Class,10,C++,NA,"Compiles. Tests are very good, and informative in feedback."
https://cusack.hope.edu/DAIADS/?path=Data%20Structures/Linear%20Structures/Deques,Deques,In-Class,10,Python,NA,"Compiles. Tests are very good, and informative in feedback."
https://cusack.hope.edu/DAIADS/?path=Data%20Structures/Linear%20Structures/Deques,Deques,In-Class,12,Java,NA,"Compiles. Tests are very good, and informative in feedback."
https://cusack.hope.edu/DAIADS/?path=Data%20Structures/Linear%20Structures/Deques,Deques,In-Class,12,C++,NA,"Compiles. Tests are very good, and informative in feedback."
https://cusack.hope.edu/DAIADS/?path=Data%20Structures/Linear%20Structures/Deques,Deques,In-Class,12,Python,NA,"Compiles. Tests are very good, and informative in feedback."
https://cusack.hope.edu/DAIADS/?path=Data%20Structures/Linear%20Structures/Deques,Deques,Homework,8,Java,NA,"Compiles. Tests are very good, and informative in feedback."
https://cusack.hope.edu/DAIADS/?path=Data%20Structures/Linear%20Structures/Deques,Deques,Homework,8,C++,NA,"Compiles. Tests are very good, and informative in feedback."
https://cusack.hope.edu/DAIADS/?path=Data%20Structures/Linear%20Structures/Deques,Deques,Homework,8,Python,NA,"Compiles. Tests are very good, and informative in feedback."
https://cusack.hope.edu/DAIADS/?path=Data%20Structures/Linear%20Structures/Lists,Lists,In-Class,9,Java,NA,"Compiles. Tests are very good, and informative in feedback."
https://cusack.hope.edu/DAIADS/?path=Data%20Structures/Linear%20Structures/Lists,Lists,In-Class,9,C++,NA,"Compiles. Tests are very good, and informative in feedback."
https://cusack.hope.edu/DAIADS/?path=Data%20Structures/Linear%20Structures/Lists,Lists,In-Class,9,Python,NA,"Compiles. Tests are very good, and informative in feedback."
https://cusack.hope.edu/DAIADS/?path=Data%20Structures/Linear%20Structures/Lists,Lists,In-Class,11,Java,NA,"Compiles. Tests are very good, and informative in feedback."
https://cusack.hope.edu/DAIADS/?path=Data%20Structures/Linear%20Structures/Lists,Lists,In-Class,11,C++,NA,"Compiles. Tests are very good, and informative in feedback."
https://cusack.hope.edu/DAIADS/?path=Data%20Structures/Linear%20Structures/Lists,Lists,In-Class,11,Python,NA,"Compiles. Tests are very good, and informative in feedback."
https://cusack.hope.edu/DAIADS/?path=Data%20Structures/Linear%20Structures/Queues,Queues,In-Class,4,Java,NA,"Compiles. Tests are very good, and informative in feedback."
https://cusack.hope.edu/DAIADS/?path=Data%20Structures/Linear%20Structures/Queues,Queues,In-Class,4,C++,NA,"Compiles. Tests are very good, and informative in feedback."
https://cusack.hope.edu/DAIADS/?path=Data%20Structures/Linear%20Structures/Queues,Queues,In-Class,4,Python,NA,"Compiles. Tests are very good, and informative in feedback."
https://cusack.hope.edu/DAIADS/?path=Data%20Structures/Linear%20Structures/Queues,Queues,In-Class,5,Java,NA,"Compiles. Tests are very good, and informative in feedback."
https://cusack.hope.edu/DAIADS/?path=Data%20Structures/Linear%20Structures/Queues,Queues,In-Class,5,C++,NA,"Compiles. Tests are very good, and informative in feedback."
https://cusack.hope.edu/DAIADS/?path=Data%20Structures/Linear%20Structures/Queues,Queues,In-Class,5,Python,NA,"Compiles. Tests are very good, and informative in feedback."
https://cusack.hope.edu/DAIADS/?path=Data%20Structures/Linear%20Structures/Queues,Queues,In-Class,8,Java,NA,"Compiles. Tests are very good, and informative in feedback."
https://cusack.hope.edu/DAIADS/?path=Data%20Structures/Linear%20Structures/Queues,Queues,In-Class,8,C++,NA,"Compiles. Tests are very good, and informative in feedback."
https://cusack.hope.edu/DAIADS/?path=Data%20Structures/Linear%20Structures/Queues,Queues,In-Class,8,Python,NA,"Compiles. Tests are very good, and informative in feedback."
https://cusack.hope.edu/DAIADS/?path=Data%20Structures/Linear%20Structures/Representing%20Linear%20Structures,Representing Linear Structures,In-Class,6,Java,NA,"Compiles. Tests are good, but only say ""All tests passed"" or they say ""Expected X, but got Y"" and not which test failed. This is fine I think, it's just different from the previous files which use check() and return line numbers. So it's fine, but it's different in that way from the rest of the files."
https://cusack.hope.edu/DAIADS/?path=Data%20Structures/Linear%20Structures/Representing%20Linear%20Structures,Representing Linear Structures,In-Class,6,C++,NA,"Compiles. Tests are good, but only say ""All tests passed"" or they say ""Expected X, but got Y"" and not which test failed. This is fine I think, it's just different from the previous files which use check() and return line numbers. So it's fine, but it's different in that way from the rest of the files."
https://cusack.hope.edu/DAIADS/?path=Data%20Structures/Linear%20Structures/Representing%20Linear%20Structures,Representing Linear Structures,In-Class,6,Python,NA,"Compiles. Tests are good, but only say ""All tests passed"" or they say ""Expected X, but got Y"" and not which test failed. This is fine I think, it's just different from the previous files which use check() and return line numbers. So it's fine, but it's different in that way from the rest of the files."
https://cusack.hope.edu/DAIADS/?path=Data%20Structures/Linear%20Structures/Representing%20Linear%20Structures,Representing Linear Structures,In-Class,8,Java,NA,"Compiles. Tests are very good, and informative in feedback."
https://cusack.hope.edu/DAIADS/?path=Data%20Structures/Linear%20Structures/Representing%20Linear%20Structures,Representing Linear Structures,In-Class,8,C++,NA,"Compiles. Tests are very good, and informative in feedback."
https://cusack.hope.edu/DAIADS/?path=Data%20Structures/Linear%20Structures/Representing%20Linear%20Structures,Representing Linear Structures,In-Class,8,Python,NA,"Compiles. Tests are very good, and informative in feedback."
https://cusack.hope.edu/DAIADS/?path=Data%20Structures/Linear%20Structures/Stacks,Stacks,In-Class,3,Java,NA,"Compiles. Tests are good, but only say ""pass"" or they say ""Expected X, but got Y"" and not which test failed. This is fine I think, it's just different from the previous files which use check() and return line numbers. So it's fine, but it's different in that way from the rest of the files."
https://cusack.hope.edu/DAIADS/?path=Data%20Structures/Linear%20Structures/Stacks,Stacks,In-Class,3,C++,NA,"Compiles. Tests are good, but only say ""pass"" or they say ""Expected X, but got Y"" and not which test failed. This is fine I think, it's just different from the previous files which use check() and return line numbers. So it's fine, but it's different in that way from the rest of the files."
https://cusack.hope.edu/DAIADS/?path=Data%20Structures/Linear%20Structures/Stacks,Stacks,In-Class,3,Python,NA,"Compiles. Tests are good, but only say ""pass"" or they say ""Expected X, but got Y"" and not which test failed. This is fine I think, it's just different from the previous files which use check() and return line numbers. So it's fine, but it's different in that way from the rest of the files."
https://cusack.hope.edu/DAIADS/?path=Data%20Structures/Linear%20Structures/Stacks,Stacks,In-Class,5,Java,NA,"Compiles. Tests are good, but only say ""pass"" or they say ""Expected X, but got Y"" and not which test failed. This is fine I think, it's just different from the previous files which use check() and return line numbers. So it's fine, but it's different in that way from the rest of the files."
https://cusack.hope.edu/DAIADS/?path=Data%20Structures/Linear%20Structures/Stacks,Stacks,In-Class,5,C++,NA,"Compiles. Tests are good, but only say ""pass"" or they say ""Expected X, but got Y"" and not which test failed. This is fine I think, it's just different from the previous files which use check() and return line numbers. So it's fine, but it's different in that way from the rest of the files."
https://cusack.hope.edu/DAIADS/?path=Data%20Structures/Linear%20Structures/Stacks,Stacks,In-Class,5,Python,NA,"Compiles. Tests are good, but only say ""pass"" or they say ""Expected X, but got Y"" and not which test failed. This is fine I think, it's just different from the previous files which use check() and return line numbers. So it's fine, but it's different in that way from the rest of the files."
https://cusack.hope.edu/DAIADS/?path=Data%20Structures/Linear%20Structures/Stacks,Stacks,In-Class,6,Java,NA,"Compiles. Tests are good, but only say ""pass"" or they say ""Expected X, but got Y"" and not which test failed. This is fine I think, it's just different from the previous files which use check() and return line numbers. So it's fine, but it's different in that way from the rest of the files."
https://cusack.hope.edu/DAIADS/?path=Data%20Structures/Linear%20Structures/Stacks,Stacks,In-Class,6,C++,NA,"Compiles. Tests are good, but only say ""pass"" or they say ""Expected X, but got Y"" and not which test failed. This is fine I think, it's just different from the previous files which use check() and return line numbers. So it's fine, but it's different in that way from the rest of the files."
https://cusack.hope.edu/DAIADS/?path=Data%20Structures/Linear%20Structures/Stacks,Stacks,In-Class,6,Python,NA,"Compiles. Tests are good, but only say ""pass"" or they say ""Expected X, but got Y"" and not which test failed. This is fine I think, it's just different from the previous files which use check() and return line numbers. So it's fine, but it's different in that way from the rest of the files."
https://cusack.hope.edu/DAIADS/?path=Data%20Structures/Trees/2-3%20Trees,2-3 Trees,Homework,9,Java,NA,"Compiles. Tests are very good, and informative in feedback."
https://cusack.hope.edu/DAIADS/?path=Data%20Structures/Trees/2-3%20Trees,2-3 Trees,Homework,9,C++,NA,"Compiles. Tests are very good, and informative in feedback."
https://cusack.hope.edu/DAIADS/?path=Data%20Structures/Trees/2-3%20Trees,2-3 Trees,Homework,9,Python,NA,"Compiles. Tests are very good, and informative in feedback."
https://cusack.hope.edu/DAIADS/?path=Data%20Structures/Trees/AVL%20Trees,AVL Trees,Homework,8,Java,NA,"Compiles. Tests are very good, and informative in feedback."
https://cusack.hope.edu/DAIADS/?path=Data%20Structures/Trees/AVL%20Trees,AVL Trees,Homework,8,C++,"DID NOT COMPILE. needed ""#include <string>
"" in order to compile.","Tests are very good, and informative in feedback."
https://cusack.hope.edu/DAIADS/?path=Data%20Structures/Trees/AVL%20Trees,AVL Trees,Homework,8,Python,NA,"Compiles. Tests are very good, and informative in feedback."
https://cusack.hope.edu/DAIADS/?path=Data%20Structures/Trees/Binary%20Search%20Trees,Binary Search Trees,Homework,9,Java,NA,"Compiles. Tests are very good, and informative in feedback."
https://cusack.hope.edu/DAIADS/?path=Data%20Structures/Trees/Binary%20Search%20Trees,Binary Search Trees,Homework,9,C++,NA,"Compiles. Tests are very good, and informative in feedback."
https://cusack.hope.edu/DAIADS/?path=Data%20Structures/Trees/Binary%20Search%20Trees,Binary Search Trees,Homework,9,Python,NA,"Compiles. Tests are very good, and informative in feedback."
https://cusack.hope.edu/DAIADS/?path=Data%20Structures/Trees/Binary%20Trees,Binary Trees,In-Class,10,Java,NA,"Compiles. Tests are very good, and informative in feedback."
https://cusack.hope.edu/DAIADS/?path=Data%20Structures/Trees/Binary%20Trees,Binary Trees,In-Class,10,C++,NA,"Compiles. Tests are very good, and informative in feedback."
https://cusack.hope.edu/DAIADS/?path=Data%20Structures/Trees/Binary%20Trees,Binary Trees,In-Class,10,Python,NA,"Compiles. Tests are very good, and informative in feedback."
https://cusack.hope.edu/DAIADS/?path=Data%20Structures/Trees/Tree%20Traversals,Tree Traversals,In-Class,5,Java,NA,"Compiles. Tests are very good, and informative in feedback."
https://cusack.hope.edu/DAIADS/?path=Data%20Structures/Trees/Tree%20Traversals,Tree Traversals,In-Class,5,C++,NA,"Compiles. Tests are very good, and informative in feedback."
https://cusack.hope.edu/DAIADS/?path=Data%20Structures/Trees/Tree%20Traversals,Tree Traversals,In-Class,5,Python,NA,"Compiles. Tests are very good, and informative in feedback."
https://cusack.hope.edu/DAIADS/?path=Data%20Structures/Trees/Tree%20Traversals,Tree Traversals,In-Class,6,Java,NA,"Compiles. Tests are very good, and informative in feedback."
https://cusack.hope.edu/DAIADS/?path=Data%20Structures/Trees/Tree%20Traversals,Tree Traversals,In-Class,6,C++,NA,"Compiles. Tests are very good, and informative in feedback."
https://cusack.hope.edu/DAIADS/?path=Data%20Structures/Trees/Tree%20Traversals,Tree Traversals,In-Class,6,Python,NA,"Compiles. Tests are very good, and informative in feedback."
https://cusack.hope.edu/DAIADS/?path=Data%20Structures/Priority%20Queues%20and%20Heaps/Priority%20Queues,Priority Queues,Homework,8,Java,NA,"Compiles. Tests are very good, and informative in feedback."
https://cusack.hope.edu/DAIADS/?path=Data%20Structures/Priority%20Queues%20and%20Heaps/Priority%20Queues,Priority Queues,Homework,8,C++,NA,"Compiles. Tests are very good, and informative in feedback."
https://cusack.hope.edu/DAIADS/?path=Data%20Structures/Priority%20Queues%20and%20Heaps/Priority%20Queues,Priority Queues,Homework,8,Python,NA,"Compiles. Tests are very good, and informative in feedback."
https://cusack.hope.edu/DAIADS/?path=Data%20Structures/Priority%20Queues%20and%20Heaps/Priority%20Queues,Priority Queues,Homework,9,Java,NA,"Compiles. Tests are very good, and informative in feedback."
https://cusack.hope.edu/DAIADS/?path=Data%20Structures/Priority%20Queues%20and%20Heaps/Priority%20Queues,Priority Queues,Homework,9,C++,NA,"Compiles. Tests are very good, and informative in feedback."
https://cusack.hope.edu/DAIADS/?path=Data%20Structures/Priority%20Queues%20and%20Heaps/Priority%20Queues,Priority Queues,Homework,9,Python,NA,"Compiles. Tests are very good, and informative in feedback."
https://cusack.hope.edu/DAIADS/?path=Data%20Structures/Priority%20Queues%20and%20Heaps/Binary%20Heaps,Binary Heaps,Homework,10,Java,NA,"Compiles. Tests are very good, and informative in feedback."
https://cusack.hope.edu/DAIADS/?path=Data%20Structures/Priority%20Queues%20and%20Heaps/Binary%20Heaps,Binary Heaps,Homework,10,C++,NA,"Compiles. Tests are very good, and informative in feedback."
https://cusack.hope.edu/DAIADS/?path=Data%20Structures/Priority%20Queues%20and%20Heaps/Binary%20Heaps,Binary Heaps,Homework,10,Python,NA,"Compiles. Tests are very good, and informative in feedback."
https://cusack.hope.edu/DAIADS/?path=Data%20Structures/Priority%20Queues%20and%20Heaps/Heap%20Construction%20and%20Heapsort,Heap Construction and Heapsort,Homework,8,Java,NA,"Compiles. Tests are very good, and informative in feedback."
https://cusack.hope.edu/DAIADS/?path=Data%20Structures/Priority%20Queues%20and%20Heaps/Heap%20Construction%20and%20Heapsort,Heap Construction and Heapsort,Homework,8,C++,NA,"Compiles. Tests are very good, and informative in feedback."
https://cusack.hope.edu/DAIADS/?path=Data%20Structures/Priority%20Queues%20and%20Heaps/Heap%20Construction%20and%20Heapsort,Heap Construction and Heapsort,Homework,8,Python,NA,"Compiles. Tests are very good, and informative in feedback."
https://cusack.hope.edu/DAIADS/?path=Data%20Structures/Sets%2C%20Maps%2C%20and%20Hash%20Tables/Sets,Sets,In-Class,8,Java,NA,"Compiles. Tests are very good, and informative in feedback."
https://cusack.hope.edu/DAIADS/?path=Data%20Structures/Sets%2C%20Maps%2C%20and%20Hash%20Tables/Sets,Sets,In-Class,8,C++,NA,"Compiles. Tests are very good, and informative in feedback."
https://cusack.hope.edu/DAIADS/?path=Data%20Structures/Sets%2C%20Maps%2C%20and%20Hash%20Tables/Sets,Sets,In-Class,8,Python,NA,"Compiles. Tests are very good, and informative in feedback."
https://cusack.hope.edu/DAIADS/?path=Data%20Structures/Sets%2C%20Maps%2C%20and%20Hash%20Tables/Sets,Sets,In-Class,9,Java,NA,"Compiles. Tests are very good, and informative in feedback."
https://cusack.hope.edu/DAIADS/?path=Data%20Structures/Sets%2C%20Maps%2C%20and%20Hash%20Tables/Sets,Sets,In-Class,9,C++,NA,"Compiles. Tests are very good, and informative in feedback."
https://cusack.hope.edu/DAIADS/?path=Data%20Structures/Sets%2C%20Maps%2C%20and%20Hash%20Tables/Sets,Sets,In-Class,9,Python,NA,"Compiles. Tests are very good, and informative in feedback."
https://cusack.hope.edu/DAIADS/?path=Data%20Structures/Sets%2C%20Maps%2C%20and%20Hash%20Tables/Sets,Sets,Homework,10,Java,NA,"Compiles. Tests are very good, and informative in feedback."
https://cusack.hope.edu/DAIADS/?path=Data%20Structures/Sets%2C%20Maps%2C%20and%20Hash%20Tables/Sets,Sets,Homework,10,C++,NA,"Compiles. Tests are very good, and informative in feedback."
https://cusack.hope.edu/DAIADS/?path=Data%20Structures/Sets%2C%20Maps%2C%20and%20Hash%20Tables/Sets,Sets,Homework,10,Python,NA,"Compiles. Tests are very good, and informative in feedback."
https://cusack.hope.edu/DAIADS/?path=Data%20Structures/Sets%2C%20Maps%2C%20and%20Hash%20Tables/Maps,Maps,In-Class,8,Java,NA,"Compiles. Tests are very good, and informative in feedback."
https://cusack.hope.edu/DAIADS/?path=Data%20Structures/Sets%2C%20Maps%2C%20and%20Hash%20Tables/Maps,Maps,In-Class,8,C++,NA,"Compiles. Tests are very good, and informative in feedback."
https://cusack.hope.edu/DAIADS/?path=Data%20Structures/Sets%2C%20Maps%2C%20and%20Hash%20Tables/Maps,Maps,In-Class,8,Python,THERE IS NO PYTHON FILE IN YOUR WEBSITE,"We had a reason for that, right? It says it in the assignment?"
https://cusack.hope.edu/DAIADS/?path=Data%20Structures/Sets%2C%20Maps%2C%20and%20Hash%20Tables/Maps,Maps,Homework,7,Java,NA,"Compiles. Tests are very good, and informative in feedback."
https://cusack.hope.edu/DAIADS/?path=Data%20Structures/Sets%2C%20Maps%2C%20and%20Hash%20Tables/Maps,Maps,Homework,7,C++,NA,"Compiles. Tests are very good, and informative in feedback."
https://cusack.hope.edu/DAIADS/?path=Data%20Structures/Sets%2C%20Maps%2C%20and%20Hash%20Tables/Maps,Maps,Homework,7,Python,NA,"Compiles. Tests are very good, and informative in feedback."
https://cusack.hope.edu/DAIADS/?path=Data%20Structures/Sets%2C%20Maps%2C%20and%20Hash%20Tables/Maps,Maps,Homework,8,Java,NA,"Compiles. Tests are very good, and informative in feedback."
https://cusack.hope.edu/DAIADS/?path=Data%20Structures/Sets%2C%20Maps%2C%20and%20Hash%20Tables/Maps,Maps,Homework,8,C++,NA,"Compiles. Tests are very good, and informative in feedback."
https://cusack.hope.edu/DAIADS/?path=Data%20Structures/Sets%2C%20Maps%2C%20and%20Hash%20Tables/Maps,Maps,Homework,8,Python,NA,"Compiles. Tests are very good, and informative in feedback."
https://cusack.hope.edu/DAIADS/?path=Data%20Structures/Sets%2C%20Maps%2C%20and%20Hash%20Tables/Hash%20Tables,Hash Tables,In-Class,8,Java,NA,"Compiles. Tests are very good, and informative in feedback."
https://cusack.hope.edu/DAIADS/?path=Data%20Structures/Sets%2C%20Maps%2C%20and%20Hash%20Tables/Hash%20Tables,Hash Tables,In-Class,8,C++,NA,"Compiles. Tests are very good, and informative in feedback."
https://cusack.hope.edu/DAIADS/?path=Data%20Structures/Sets%2C%20Maps%2C%20and%20Hash%20Tables/Hash%20Tables,Hash Tables,In-Class,8,Python,NA,"Compiles. Tests are very good, and informative in feedback."
https://cusack.hope.edu/DAIADS/?path=Data%20Structures/Sets%2C%20Maps%2C%20and%20Hash%20Tables/Separate%20Chaining,Separate Chaining,Homework,9,Java,NA,"Compiles. Tests are very good, and informative in feedback."
https://cusack.hope.edu/DAIADS/?path=Data%20Structures/Sets%2C%20Maps%2C%20and%20Hash%20Tables/Separate%20Chaining,Separate Chaining,Homework,9,C++,NA,"Compiles. Tests are very good, and informative in feedback."
https://cusack.hope.edu/DAIADS/?path=Data%20Structures/Sets%2C%20Maps%2C%20and%20Hash%20Tables/Separate%20Chaining,Separate Chaining,Homework,9,Python,NA,"Compiles. Tests are very good, and informative in feedback."
https://cusack.hope.edu/DAIADS/?path=Data%20Structures/Sets%2C%20Maps%2C%20and%20Hash%20Tables/Open%20Addressing,Open Addressing,Homework,8,Java,NA,"Compiles. Tests are very good, and informative in feedback."
https://cusack.hope.edu/DAIADS/?path=Data%20Structures/Sets%2C%20Maps%2C%20and%20Hash%20Tables/Open%20Addressing,Open Addressing,Homework,8,C++,NA,"Compiles. Tests are very good, and informative in feedback."
https://cusack.hope.edu/DAIADS/?path=Data%20Structures/Sets%2C%20Maps%2C%20and%20Hash%20Tables/Open%20Addressing,Open Addressing,Homework,8,Python,NA,"Compiles. Tests are very good, and informative in feedback."